,id,subscriber_id,booking_status,booking_date,datetime_load,month,date,booking_year_month
0,0,156,Confirmed,2021-06-05 15:10:26,2023-02-25 14:36:07.254945,06,2021-06-05,2021-06
1,1,256,Confirmed,2021-05-29 12:30:04,2023-02-25 14:36:07.254945,05,2021-05-29,2021-05
2,2,256,Canceled,2021-05-16 0:02:29,2023-02-25 14:36:07.254945,05,2021-05-16,2021-05
3,3,156,Confirmed,2021-06-05 18:35:53,2023-02-25 14:36:07.254945,06,2021-06-05,2021-06
4,4,156,Confirmed,2021-06-05 18:52:21,2023-02-25 14:36:07.254945,06,2021-06-05,2021-06
5,5,256,Confirmed,2021-06-05 19:00:06,2023-02-25 14:36:07.254945,06,2021-06-05,2021-06
6,6,256,Confirmed,2021-06-06 13:32:37,2023-02-25 14:36:07.254945,06,2021-06-06,2021-06
7,7,156,Confirmed,2020-01-13 5:45:16,2023-02-25 14:36:07.254945,01,2020-01-13,2020-01
8,8,156,Canceled,2020-07-02 21:10:51,2023-02-25 14:36:07.254945,07,2020-07-02,2020-07
9,9,256,Confirmed,2020-01-02 19:54:28,2023-02-25 14:36:07.254945,01,2020-01-02,2020-01
10,10,256,Canceled,2020-03-31 6:22:37,2023-02-25 14:36:07.254945,03,2020-03-31,2020-03
11,11,256,Confirmed,2021-03-19 19:34:26,2023-02-25 14:36:07.254945,03,2021-03-19,2021-03
12,12,256,Confirmed,2020-07-26 12:48:32,2023-02-25 14:36:07.254945,07,2020-07-26,2020-07
13,13,156,Canceled,2020-03-16 1:12:08,2023-02-25 14:36:07.254945,03,2020-03-16,2020-03
14,14,156,Canceled,2020-04-03 22:01:17,2023-02-25 14:36:07.254945,04,2020-04-03,2020-04
15,15,256,Canceled,2020-05-15 20:21:25,2023-02-25 14:36:07.254945,05,2020-05-15,2020-05
16,16,156,Confirmed,2020-08-15 19:14:10,2023-02-25 14:36:07.254945,08,2020-08-15,2020-08
17,17,156,Canceled,2020-01-11 21:43:31,2023-02-25 14:36:07.254945,01,2020-01-11,2020-01
18,18,156,Canceled,2020-05-04 11:48:53,2023-02-25 14:36:07.254945,05,2020-05-04,2020-05
19,19,256,Canceled,2020-03-10 11:01:12,2023-02-25 14:36:07.254945,03,2020-03-10,2020-03
20,20,156,Canceled,2020-07-03 7:18:09,2023-02-25 14:36:07.254945,07,2020-07-03,2020-07
21,21,256,Canceled,2021-03-18 21:12:09,2023-02-25 14:36:07.254945,03,2021-03-18,2021-03
22,22,256,Canceled,2020-03-02 20:30:28,2023-02-25 14:36:07.254945,03,2020-03-02,2020-03
23,23,156,Canceled,2020-06-08 21:04:58,2023-02-25 14:36:07.254945,06,2020-06-08,2020-06
24,24,256,Canceled,2020-02-26 10:40:11,2023-02-25 14:36:07.254945,02,2020-02-26,2020-02
25,25,156,Canceled,2020-03-29 21:30:53,2023-02-25 14:36:07.254945,03,2020-03-29,2020-03
26,26,156,Confirmed,2020-01-14 16:08:44,2023-02-25 14:36:07.254945,01,2020-01-14,2020-01
27,27,256,Canceled,2020-01-16 14:13:42,2023-02-25 14:36:07.254945,01,2020-01-16,2020-01
28,28,256,Canceled,2020-07-12 12:49:01,2023-02-25 14:36:07.254945,07,2020-07-12,2020-07
29,29,256,Canceled,2020-03-18 11:29:25,2023-02-25 14:36:07.254945,03,2020-03-18,2020-03
30,30,256,Canceled,2020-01-15 20:59:17,2023-02-25 14:36:07.254945,01,2020-01-15,2020-01
31,31,156,Canceled,2020-06-13 10:11:05,2023-02-25 14:36:07.254945,06,2020-06-13,2020-06
32,32,156,Canceled,2020-05-03 8:55:12,2023-02-25 14:36:07.254945,05,2020-05-03,2020-05
33,33,256,Canceled,2020-03-14 21:59:10,2023-02-25 14:36:07.254945,03,2020-03-14,2020-03
34,34,256,Canceled,2020-06-13 16:54:57,2023-02-25 14:36:07.254945,06,2020-06-13,2020-06
35,35,256,Canceled,2020-03-22 15:25:17,2023-02-25 14:36:07.254945,03,2020-03-22,2020-03
36,36,256,Canceled,2020-07-13 9:01:48,2023-02-25 14:36:07.254945,07,2020-07-13,2020-07
37,37,156,Canceled,2020-03-27 17:11:08,2023-02-25 14:36:07.254945,03,2020-03-27,2020-03
38,38,156,Review,2020-06-03 13:40:41,2023-02-25 14:36:07.254945,06,2020-06-03,2020-06
39,39,256,Confirmed,2021-02-25 18:46:56,2023-02-25 14:36:07.254945,02,2021-02-25,2021-02
40,40,256,Confirmed,2020-03-12 12:48:38,2023-02-25 14:36:07.254945,03,2020-03-12,2020-03
41,41,156,Canceled,2020-09-15 18:05:54,2023-02-25 14:36:07.254945,09,2020-09-15,2020-09
42,42,256,Confirmed,2020-06-07 11:56:28,2023-02-25 14:36:07.254945,06,2020-06-07,2020-06
43,43,256,Confirmed,2021-02-28 21:49:09,2023-02-25 14:36:07.254945,02,2021-02-28,2021-02
44,44,156,Canceled,2020-01-17 6:33:10,2023-02-25 14:36:07.254945,01,2020-01-17,2020-01
45,45,256,Confirmed,2020-08-24 16:05:52,2023-02-25 14:36:07.254945,08,2020-08-24,2020-08
46,46,156,Review,2021-01-03 20:24:35,2023-02-25 14:36:07.254945,01,2021-01-03,2021-01
47,47,256,Confirmed,2020-03-01 15:52:41,2023-02-25 14:36:07.254945,03,2020-03-01,2020-03
48,48,156,Canceled,2020-08-04 15:28:24,2023-02-25 14:36:07.254945,08,2020-08-04,2020-08
49,49,256,Confirmed,2020-03-18 2:27:09,2023-02-25 14:36:07.254945,03,2020-03-18,2020-03
50,50,256,Review,2020-07-31 12:31:42,2023-02-25 14:36:07.254945,07,2020-07-31,2020-07
51,51,156,Confirmed,2020-05-07 17:32:22,2023-02-25 14:36:07.254945,05,2020-05-07,2020-05
52,52,256,Canceled,2020-05-05 20:37:50,2023-02-25 14:36:07.254945,05,2020-05-05,2020-05
53,53,256,Canceled,2020-03-28 7:36:13,2023-02-25 14:36:07.254945,03,2020-03-28,2020-03
54,54,256,Review,2020-05-22 22:29:46,2023-02-25 14:36:07.254945,05,2020-05-22,2020-05
55,55,256,Canceled,2021-04-07 13:28:55,2023-02-25 14:36:07.254945,04,2021-04-07,2021-04
56,56,256,Confirmed,2020-03-02 3:53:06,2023-02-25 14:36:07.254945,03,2020-03-02,2020-03
57,57,156,Confirmed,2020-11-02 12:50:20,2023-02-25 14:36:07.254945,11,2020-11-02,2020-11
58,58,256,Confirmed,2021-05-13 19:09:49,2023-02-25 14:36:07.254945,05,2021-05-13,2021-05
59,59,156,Review,2020-02-21 21:27:52,2023-02-25 14:36:07.254945,02,2020-02-21,2020-02
60,60,156,Canceled,2020-02-07 10:44:18,2023-02-25 14:36:07.254945,02,2020-02-07,2020-02
61,61,256,Confirmed,2020-08-22 13:42:17,2023-02-25 14:36:07.254945,08,2020-08-22,2020-08
62,62,156,Canceled,2020-03-24 0:19:04,2023-02-25 14:36:07.254945,03,2020-03-24,2020-03
63,63,256,Review,2020-07-01 12:54:05,2023-02-25 14:36:07.254945,07,2020-07-01,2020-07
64,64,156,Canceled,2020-08-19 15:24:48,2023-02-25 14:36:07.254945,08,2020-08-19,2020-08
65,65,256,Review,2020-01-27 18:50:04,2023-02-25 14:36:07.254945,01,2020-01-27,2020-01
66,66,256,Confirmed,2020-04-23 7:37:03,2023-02-25 14:36:07.254945,04,2020-04-23,2020-04
67,67,156,Confirmed,2020-11-05 2:14:55,2023-02-25 14:36:07.254945,11,2020-11-05,2020-11
68,68,156,Review,2020-08-17 1:24:48,2023-02-25 14:36:07.254945,08,2020-08-17,2020-08
69,69,256,Review,2020-01-20 18:40:16,2023-02-25 14:36:07.254945,01,2020-01-20,2020-01
70,70,156,Confirmed,2020-02-03 13:23:31,2023-02-25 14:36:07.254945,02,2020-02-03,2020-02
71,71,156,Canceled,2020-02-20 2:57:06,2023-02-25 14:36:07.254945,02,2020-02-20,2020-02
72,72,256,Canceled,2020-02-24 20:09:11,2023-02-25 14:36:07.254945,02,2020-02-24,2020-02
73,73,256,Confirmed,2021-05-13 9:20:31,2023-02-25 14:36:07.254945,05,2021-05-13,2021-05
74,74,156,Canceled,2020-01-27 2:05:22,2023-02-25 14:36:07.254945,01,2020-01-27,2020-01
75,75,256,Confirmed,2020-05-13 18:50:52,2023-02-25 14:36:07.254945,05,2020-05-13,2020-05
76,76,156,Canceled,2020-06-08 3:31:34,2023-02-25 14:36:07.254945,06,2020-06-08,2020-06
77,77,156,Confirmed,2020-07-08 14:07:33,2023-02-25 14:36:07.254945,07,2020-07-08,2020-07
78,78,156,Canceled,2020-03-20 6:36:07,2023-02-25 14:36:07.254945,03,2020-03-20,2020-03
79,79,156,Canceled,2021-01-04 5:01:39,2023-02-25 14:36:07.254945,01,2021-01-04,2021-01
80,80,156,Canceled,2020-09-01 15:47:35,2023-02-25 14:36:07.254945,09,2020-09-01,2020-09
81,81,256,Canceled,2020-04-07 22:16:20,2023-02-25 14:36:07.254945,04,2020-04-07,2020-04
82,82,256,Confirmed,2021-01-26 19:22:13,2023-02-25 14:36:07.254945,01,2021-01-26,2021-01
83,83,156,Canceled,2020-08-08 9:11:09,2023-02-25 14:36:07.254945,08,2020-08-08,2020-08
84,84,256,Canceled,2020-03-14 4:11:26,2023-02-25 14:36:07.254945,03,2020-03-14,2020-03
85,85,256,Canceled,2020-06-01 15:55:41,2023-02-25 14:36:07.254945,06,2020-06-01,2020-06
86,86,256,Confirmed,2020-01-21 1:14:42,2023-02-25 14:36:07.254945,01,2020-01-21,2020-01
87,87,156,Review,2020-01-06 16:38:15,2023-02-25 14:36:07.254945,01,2020-01-06,2020-01
88,88,156,Canceled,2021-03-21 1:29:15,2023-02-25 14:36:07.254945,03,2021-03-21,2021-03
89,89,256,Canceled,2020-01-28 18:19:33,2023-02-25 14:36:07.254945,01,2020-01-28,2020-01
90,90,256,Canceled,2020-03-14 14:38:40,2023-02-25 14:36:07.254945,03,2020-03-14,2020-03
91,91,256,Canceled,2020-05-07 11:37:24,2023-02-25 14:36:07.254945,05,2020-05-07,2020-05
92,92,256,Confirmed,2020-02-26 18:00:59,2023-02-25 14:36:07.254945,02,2020-02-26,2020-02
93,93,256,Confirmed,2020-01-23 22:33:33,2023-02-25 14:36:07.254945,01,2020-01-23,2020-01
94,94,156,Confirmed,2020-06-25 12:57:24,2023-02-25 14:36:07.254945,06,2020-06-25,2020-06
95,95,256,Confirmed,2020-08-04 0:06:27,2023-02-25 14:36:07.254945,08,2020-08-04,2020-08
96,96,256,Review,2020-01-02 20:03:37,2023-02-25 14:36:07.254945,01,2020-01-02,2020-01
97,97,256,Confirmed,2020-06-26 11:14:25,2023-02-25 14:36:07.254945,06,2020-06-26,2020-06
98,98,256,Canceled,2021-06-02 17:19:32,2023-02-25 14:36:07.254945,06,2021-06-02,2021-06
99,99,256,Confirmed,2021-06-03 14:55:35,2023-02-25 14:36:07.254945,06,2021-06-03,2021-06
100,100,256,Confirmed,2021-06-03 0:35:43,2023-02-25 14:36:07.254945,06,2021-06-03,2021-06
101,101,156,Review,2021-05-31 18:57:20,2023-02-25 14:36:07.254945,05,2021-05-31,2021-05
102,102,156,Confirmed,2021-06-03 14:30:01,2023-02-25 14:36:07.254945,06,2021-06-03,2021-06
103,103,156,Canceled,2021-04-21 16:29:22,2023-02-25 14:36:07.254945,04,2021-04-21,2021-04
104,104,156,Canceled,2021-05-05 2:52:10,2023-02-25 14:36:07.254945,05,2021-05-05,2021-05
105,105,256,Confirmed,2021-04-06 15:04:16,2023-02-25 14:36:07.254945,04,2021-04-06,2021-04
106,106,156,Canceled,2020-05-26 11:57:00,2023-02-25 14:36:07.254945,05,2020-05-26,2020-05
107,107,156,Confirmed,2021-06-04 3:49:10,2023-02-25 14:36:07.254945,06,2021-06-04,2021-06
108,108,256,Confirmed,2020-05-22 2:38:37,2023-02-25 14:36:07.254945,05,2020-05-22,2020-05
109,109,156,Confirmed,2021-06-06 13:09:10,2023-02-25 14:36:07.254945,06,2021-06-06,2021-06
110,110,256,Confirmed,2021-06-03 21:33:34,2023-02-25 14:36:07.254945,06,2021-06-03,2021-06
111,111,256,Confirmed,2021-05-27 16:39:49,2023-02-25 14:36:07.254945,05,2021-05-27,2021-05
112,112,256,Confirmed,2021-05-28 13:21:04,2023-02-25 14:36:07.254945,05,2021-05-28,2021-05
113,113,156,Confirmed,2020-06-27 15:33:55,2023-02-25 14:36:07.254945,06,2020-06-27,2020-06
114,114,256,Confirmed,2021-06-03 0:57:39,2023-02-25 14:36:07.254945,06,2021-06-03,2021-06
115,115,156,Confirmed,2021-05-28 14:00:13,2023-02-25 14:36:07.254945,05,2021-05-28,2021-05
116,116,256,Confirmed,2021-05-28 1:51:37,2023-02-25 14:36:07.254945,05,2021-05-28,2021-05
117,117,156,Review,2021-05-12 21:26:12,2023-02-25 14:36:07.254945,05,2021-05-12,2021-05
118,118,256,Confirmed,2021-06-04 19:28:59,2023-02-25 14:36:07.254945,06,2021-06-04,2021-06
119,119,256,Review,2021-05-26 9:16:52,2023-02-25 14:36:07.254945,05,2021-05-26,2021-05
120,120,156,Confirmed,2021-03-12 12:20:53,2023-02-25 14:36:07.254945,03,2021-03-12,2021-03
121,121,256,Review,2020-01-15 8:48:06,2023-02-25 14:36:07.254945,01,2020-01-15,2020-01
122,122,256,Canceled,2020-04-26 3:32:31,2023-02-25 14:36:07.254945,04,2020-04-26,2020-04
123,123,256,Canceled,2020-02-05 9:11:21,2023-02-25 14:36:07.254945,02,2020-02-05,2020-02
124,124,256,Canceled,2020-05-17 21:20:49,2023-02-25 14:36:07.254945,05,2020-05-17,2020-05
125,125,156,Confirmed,2020-03-05 1:41:20,2023-02-25 14:36:07.254945,03,2020-03-05,2020-03
126,126,156,Canceled,2020-04-14 16:22:22,2023-02-25 14:36:07.254945,04,2020-04-14,2020-04
127,127,156,Canceled,2020-04-17 18:20:33,2023-02-25 14:36:07.254945,04,2020-04-17,2020-04
128,128,156,Canceled,2020-05-29 0:12:16,2023-02-25 14:36:07.254945,05,2020-05-29,2020-05
129,129,156,Canceled,2020-01-22 11:58:37,2023-02-25 14:36:07.254945,01,2020-01-22,2020-01
130,130,156,Canceled,2020-03-16 1:28:37,2023-02-25 14:36:07.254945,03,2020-03-16,2020-03
131,131,156,Confirmed,2020-01-16 4:46:43,2023-02-25 14:36:07.254945,01,2020-01-16,2020-01
132,132,256,Review,2020-03-29 5:00:49,2023-02-25 14:36:07.254945,03,2020-03-29,2020-03
133,133,256,Canceled,2020-03-25 20:55:52,2023-02-25 14:36:07.254945,03,2020-03-25,2020-03
134,134,156,Canceled,2020-03-30 15:55:53,2023-02-25 14:36:07.254945,03,2020-03-30,2020-03
135,135,156,Canceled,2020-03-18 20:59:28,2023-02-25 14:36:07.254945,03,2020-03-18,2020-03
136,136,156,Canceled,2020-03-22 16:42:09,2023-02-25 14:36:07.254945,03,2020-03-22,2020-03
137,137,256,Canceled,2020-03-31 6:46:22,2023-02-25 14:36:07.254945,03,2020-03-31,2020-03
138,138,156,Canceled,2020-02-23 12:50:02,2023-02-25 14:36:07.254945,02,2020-02-23,2020-02
139,139,256,Confirmed,2020-01-02 15:23:54,2023-02-25 14:36:07.254945,01,2020-01-02,2020-01
140,140,156,Canceled,2020-03-05 3:57:39,2023-02-25 14:36:07.254945,03,2020-03-05,2020-03
141,141,256,Canceled,2020-06-11 1:46:07,2023-02-25 14:36:07.254945,06,2020-06-11,2020-06
142,142,256,Canceled,2020-09-15 8:55:09,2023-02-25 14:36:07.254945,09,2020-09-15,2020-09
143,143,156,Confirmed,2020-10-16 20:30:18,2023-02-25 14:36:07.254945,10,2020-10-16,2020-10
144,144,156,Canceled,2020-03-13 15:02:45,2023-02-25 14:36:07.254945,03,2020-03-13,2020-03
145,145,156,Canceled,2020-04-01 10:59:22,2023-02-25 14:36:07.254945,04,2020-04-01,2020-04
146,146,156,Canceled,2020-02-03 15:04:28,2023-02-25 14:36:07.254945,02,2020-02-03,2020-02
147,147,156,Canceled,2020-03-10 17:14:39,2023-02-25 14:36:07.254945,03,2020-03-10,2020-03
148,148,156,Canceled,2020-01-19 18:27:50,2023-02-25 14:36:07.254945,01,2020-01-19,2020-01
149,149,156,Confirmed,2020-01-08 20:26:27,2023-02-25 14:36:07.254945,01,2020-01-08,2020-01
150,150,256,Canceled,2020-05-18 17:08:14,2023-02-25 14:36:07.254945,05,2020-05-18,2020-05
151,151,156,Canceled,2020-04-27 17:57:38,2023-02-25 14:36:07.254945,04,2020-04-27,2020-04
152,152,156,Confirmed,2020-01-03 22:09:56,2023-02-25 14:36:07.254945,01,2020-01-03,2020-01
153,153,156,Canceled,2020-01-05 16:09:45,2023-02-25 14:36:07.254945,01,2020-01-05,2020-01
154,154,256,Canceled,2020-02-04 4:15:48,2023-02-25 14:36:07.254945,02,2020-02-04,2020-02
155,155,256,Canceled,2021-02-25 14:56:42,2023-02-25 14:36:07.254945,02,2021-02-25,2021-02
156,156,156,Canceled,2020-03-23 9:16:42,2023-02-25 14:36:07.254945,03,2020-03-23,2020-03
157,157,256,Canceled,2020-04-29 1:01:39,2023-02-25 14:36:07.254945,04,2020-04-29,2020-04
158,158,156,Confirmed,2020-01-27 12:33:13,2023-02-25 14:36:07.254945,01,2020-01-27,2020-01
159,159,256,Confirmed,2020-07-21 9:04:36,2023-02-25 14:36:07.254945,07,2020-07-21,2020-07
160,160,256,Confirmed,2020-01-09 8:50:00,2023-02-25 14:36:07.254945,01,2020-01-09,2020-01
161,161,256,Confirmed,2020-01-03 7:30:26,2023-02-25 14:36:07.254945,01,2020-01-03,2020-01
162,162,256,Confirmed,2020-01-05 4:13:03,2023-02-25 14:36:07.254945,01,2020-01-05,2020-01
163,163,256,Confirmed,2020-01-02 14:10:38,2023-02-25 14:36:07.254945,01,2020-01-02,2020-01
164,164,256,Canceled,2020-06-22 0:48:19,2023-02-25 14:36:07.254945,06,2020-06-22,2020-06
165,165,156,Canceled,2020-02-17 0:24:21,2023-02-25 14:36:07.254945,02,2020-02-17,2020-02
166,166,156,Confirmed,2020-06-19 10:22:51,2023-02-25 14:36:07.254945,06,2020-06-19,2020-06
167,167,256,Canceled,2020-12-07 6:40:46,2023-02-25 14:36:07.254945,12,2020-12-07,2020-12
168,168,156,Canceled,2020-01-21 14:39:17,2023-02-25 14:36:07.254945,01,2020-01-21,2020-01
169,169,256,Confirmed,2020-01-02 12:37:14,2023-02-25 14:36:07.254945,01,2020-01-02,2020-01
170,170,256,Confirmed,2020-05-21 2:09:01,2023-02-25 14:36:07.254945,05,2020-05-21,2020-05
171,171,156,Confirmed,2020-06-29 3:47:49,2023-02-25 14:36:07.254945,06,2020-06-29,2020-06
172,172,256,Review,2020-01-03 16:35:25,2023-02-25 14:36:07.254945,01,2020-01-03,2020-01
173,173,156,Confirmed,2020-01-12 13:40:45,2023-02-25 14:36:07.254945,01,2020-01-12,2020-01
174,174,156,Confirmed,2020-01-03 0:38:08,2023-02-25 14:36:07.254945,01,2020-01-03,2020-01
175,175,156,Confirmed,2020-01-12 23:08:04,2023-02-25 14:36:07.254945,01,2020-01-12,2020-01
176,176,156,Canceled,2020-01-02 17:07:35,2023-02-25 14:36:07.254945,01,2020-01-02,2020-01
177,177,256,Confirmed,2021-05-21 22:37:44,2023-02-25 14:36:07.254945,05,2021-05-21,2021-05
178,178,156,Confirmed,2020-01-13 20:45:48,2023-02-25 14:36:07.254945,01,2020-01-13,2020-01
179,179,256,Confirmed,2020-01-05 15:15:18,2023-02-25 14:36:07.254945,01,2020-01-05,2020-01
180,180,156,Confirmed,2020-01-05 9:03:16,2023-02-25 14:36:07.254945,01,2020-01-05,2020-01
181,181,156,Confirmed,2020-01-15 20:51:31,2023-02-25 14:36:07.254945,01,2020-01-15,2020-01
182,182,156,Canceled,2020-01-13 17:27:25,2023-02-25 14:36:07.254945,01,2020-01-13,2020-01
183,183,256,Confirmed,2020-01-03 11:28:33,2023-02-25 14:36:07.254945,01,2020-01-03,2020-01
184,184,156,Canceled,2020-04-03 10:15:03,2023-02-25 14:36:07.254945,04,2020-04-03,2020-04
185,185,156,Canceled,2020-01-08 2:31:53,2023-02-25 14:36:07.254945,01,2020-01-08,2020-01
186,186,156,Canceled,2020-02-16 20:51:54,2023-02-25 14:36:07.254945,02,2020-02-16,2020-02
187,187,156,Confirmed,2020-01-15 6:04:34,2023-02-25 14:36:07.254945,01,2020-01-15,2020-01
188,188,256,Confirmed,2020-01-10 18:47:15,2023-02-25 14:36:07.254945,01,2020-01-10,2020-01
189,189,256,Canceled,2020-06-08 10:53:41,2023-02-25 14:36:07.254945,06,2020-06-08,2020-06
190,190,256,Confirmed,2020-01-10 12:29:47,2023-02-25 14:36:07.254945,01,2020-01-10,2020-01
191,191,156,Canceled,2020-04-27 17:13:52,2023-02-25 14:36:07.254945,04,2020-04-27,2020-04
192,192,156,Confirmed,2020-01-05 17:53:01,2023-02-25 14:36:07.254945,01,2020-01-05,2020-01
193,193,156,Confirmed,2020-01-06 15:53:37,2023-02-25 14:36:07.254945,01,2020-01-06,2020-01
194,194,256,Confirmed,2020-01-10 7:17:37,2023-02-25 14:36:07.254945,01,2020-01-10,2020-01
195,195,156,Confirmed,2020-01-06 19:54:47,2023-02-25 14:36:07.254945,01,2020-01-06,2020-01
196,196,156,Confirmed,2020-01-06 15:49:05,2023-02-25 14:36:07.254945,01,2020-01-06,2020-01
197,197,256,Confirmed,2021-03-30 20:50:23,2023-02-25 14:36:07.254945,03,2021-03-30,2021-03
198,198,156,Canceled,2021-04-03 10:52:12,2023-02-25 14:36:07.254945,04,2021-04-03,2021-04
199,199,256,Confirmed,2021-02-13 17:24:14,2023-02-25 14:36:07.254945,02,2021-02-13,2021-02
200,200,256,Confirmed,2020-01-10 15:31:02,2023-02-25 14:36:07.254945,01,2020-01-10,2020-01
201,201,156,Confirmed,2020-01-08 6:04:01,2023-02-25 14:36:07.254945,01,2020-01-08,2020-01
202,202,256,Confirmed,2020-01-14 18:53:07,2023-02-25 14:36:07.254945,01,2020-01-14,2020-01
203,203,256,Confirmed,2020-01-17 16:41:45,2023-02-25 14:36:07.254945,01,2020-01-17,2020-01
204,204,156,Canceled,2020-01-14 17:08:43,2023-02-25 14:36:07.254945,01,2020-01-14,2020-01
205,205,256,Confirmed,2020-02-18 0:35:34,2023-02-25 14:36:07.254945,02,2020-02-18,2020-02
206,206,156,Confirmed,2020-01-11 23:04:06,2023-02-25 14:36:07.254945,01,2020-01-11,2020-01
207,207,256,Confirmed,2020-01-10 16:34:26,2023-02-25 14:36:07.254945,01,2020-01-10,2020-01
208,208,156,Confirmed,2020-01-12 5:36:15,2023-02-25 14:36:07.254945,01,2020-01-12,2020-01
209,209,256,Confirmed,2020-02-08 1:50:10,2023-02-25 14:36:07.254945,02,2020-02-08,2020-02
210,210,156,Confirmed,2020-03-17 3:13:11,2023-02-25 14:36:07.254945,03,2020-03-17,2020-03
211,211,256,Confirmed,2020-01-14 9:02:54,2023-02-25 14:36:07.254945,01,2020-01-14,2020-01
212,212,156,Canceled,2020-01-08 11:53:55,2023-02-25 14:36:07.254945,01,2020-01-08,2020-01
213,213,256,Confirmed,2020-02-05 23:38:27,2023-02-25 14:36:07.254945,02,2020-02-05,2020-02
214,214,256,Confirmed,2020-01-01 17:47:01,2023-02-25 14:36:07.254945,01,2020-01-01,2020-01
215,215,156,Confirmed,2020-01-08 23:25:22,2023-02-25 14:36:07.254945,01,2020-01-08,2020-01
216,216,156,Canceled,2020-03-13 8:34:24,2023-02-25 14:36:07.254945,03,2020-03-13,2020-03
217,217,156,Confirmed,2020-01-15 22:05:07,2023-02-25 14:36:07.254945,01,2020-01-15,2020-01
218,218,256,Confirmed,2020-01-10 10:04:17,2023-02-25 14:36:07.254945,01,2020-01-10,2020-01
219,219,256,Confirmed,2020-01-25 13:06:39,2023-02-25 14:36:07.254945,01,2020-01-25,2020-01
220,220,256,Canceled,2020-03-11 23:06:19,2023-02-25 14:36:07.254945,03,2020-03-11,2020-03
221,221,156,Confirmed,2020-01-15 22:40:55,2023-02-25 14:36:07.254945,01,2020-01-15,2020-01
222,222,156,Confirmed,2020-01-16 4:10:36,2023-02-25 14:36:07.254945,01,2020-01-16,2020-01
223,223,256,Canceled,2020-06-06 23:09:27,2023-02-25 14:36:07.254945,06,2020-06-06,2020-06
224,224,156,Confirmed,2020-01-15 10:17:28,2023-02-25 14:36:07.254945,01,2020-01-15,2020-01
225,225,256,Confirmed,2020-01-15 0:33:22,2023-02-25 14:36:07.254945,01,2020-01-15,2020-01
226,226,156,Confirmed,2020-01-29 16:22:17,2023-02-25 14:36:07.254945,01,2020-01-29,2020-01
227,227,256,Canceled,2020-06-19 2:48:24,2023-02-25 14:36:07.254945,06,2020-06-19,2020-06
228,228,156,Review,2020-03-04 14:27:45,2023-02-25 14:36:07.254945,03,2020-03-04,2020-03
229,229,256,Confirmed,2020-05-16 10:20:14,2023-02-25 14:36:07.254945,05,2020-05-16,2020-05
230,230,156,Canceled,2020-03-19 15:00:08,2023-02-25 14:36:07.254945,03,2020-03-19,2020-03
231,231,256,Canceled,2020-01-16 2:01:51,2023-02-25 14:36:07.254945,01,2020-01-16,2020-01
232,232,156,Confirmed,2020-01-19 14:22:43,2023-02-25 14:36:07.254945,01,2020-01-19,2020-01
233,233,256,Canceled,2020-02-20 18:02:03,2023-02-25 14:36:07.254945,02,2020-02-20,2020-02
234,234,156,Confirmed,2020-02-01 17:47:10,2023-02-25 14:36:07.254945,02,2020-02-01,2020-02
235,235,156,Review,2020-02-11 7:02:55,2023-02-25 14:36:07.254945,02,2020-02-11,2020-02
236,236,256,Confirmed,2020-01-17 23:07:26,2023-02-25 14:36:07.254945,01,2020-01-17,2020-01
237,237,256,Canceled,2020-03-14 0:13:30,2023-02-25 14:36:07.254945,03,2020-03-14,2020-03
238,238,156,Review,2020-01-21 1:44:40,2023-02-25 14:36:07.254945,01,2020-01-21,2020-01
239,239,156,Canceled,2020-03-13 15:03:33,2023-02-25 14:36:07.254945,03,2020-03-13,2020-03
240,240,156,Confirmed,2021-01-29 22:55:54,2023-02-25 14:36:07.254945,01,2021-01-29,2021-01
241,241,156,Confirmed,2020-01-29 22:19:29,2023-02-25 14:36:07.254945,01,2020-01-29,2020-01
242,242,156,Confirmed,2020-11-30 4:56:40,2023-02-25 14:36:07.254945,11,2020-11-30,2020-11
243,243,256,Confirmed,2020-01-20 17:22:37,2023-02-25 14:36:07.254945,01,2020-01-20,2020-01
244,244,156,Confirmed,2020-01-22 23:24:49,2023-02-25 14:36:07.254945,01,2020-01-22,2020-01
245,245,156,Confirmed,2020-01-21 5:40:45,2023-02-25 14:36:07.254945,01,2020-01-21,2020-01
246,246,256,Review,2020-01-19 10:44:18,2023-02-25 14:36:07.254945,01,2020-01-19,2020-01
247,247,256,Canceled,2020-02-29 21:34:02,2023-02-25 14:36:07.254945,02,2020-02-29,2020-02
248,248,256,Confirmed,2021-05-27 20:16:04,2023-02-25 14:36:07.254945,05,2021-05-27,2021-05
249,249,256,Confirmed,2020-01-20 3:08:46,2023-02-25 14:36:07.254945,01,2020-01-20,2020-01
250,250,156,Confirmed,2020-01-23 16:30:06,2023-02-25 14:36:07.254945,01,2020-01-23,2020-01
251,251,256,Canceled,2020-03-13 12:47:05,2023-02-25 14:36:07.254945,03,2020-03-13,2020-03
252,252,156,Confirmed,2020-01-22 12:13:46,2023-02-25 14:36:07.254945,01,2020-01-22,2020-01
253,253,256,Canceled,2020-02-24 21:30:31,2023-02-25 14:36:07.254945,02,2020-02-24,2020-02
254,254,256,Confirmed,2020-01-21 17:15:07,2023-02-25 14:36:07.254945,01,2020-01-21,2020-01
255,255,156,Confirmed,2020-01-15 20:34:45,2023-02-25 14:36:07.254945,01,2020-01-15,2020-01
256,256,256,Canceled,2020-01-23 21:07:58,2023-02-25 14:36:07.254945,01,2020-01-23,2020-01
257,257,256,Canceled,2020-03-14 16:26:01,2023-02-25 14:36:07.254945,03,2020-03-14,2020-03
258,258,256,Confirmed,2020-01-24 14:26:11,2023-02-25 14:36:07.254945,01,2020-01-24,2020-01
259,259,256,Confirmed,2020-01-21 21:29:54,2023-02-25 14:36:07.254945,01,2020-01-21,2020-01
260,260,256,Confirmed,2020-01-30 10:26:39,2023-02-25 14:36:07.254945,01,2020-01-30,2020-01
261,261,256,Confirmed,2020-01-23 0:27:10,2023-02-25 14:36:07.254945,01,2020-01-23,2020-01
262,262,256,Confirmed,2020-01-13 22:15:46,2023-02-25 14:36:07.254945,01,2020-01-13,2020-01
263,263,156,Confirmed,2020-01-31 22:00:57,2023-02-25 14:36:07.254945,01,2020-01-31,2020-01
264,264,256,Confirmed,2020-01-26 19:23:16,2023-02-25 14:36:07.254945,01,2020-01-26,2020-01
265,265,156,Confirmed,2020-02-06 20:54:42,2023-02-25 14:36:07.254945,02,2020-02-06,2020-02
266,266,256,Confirmed,2020-03-11 17:04:52,2023-02-25 14:36:07.254945,03,2020-03-11,2020-03
267,267,256,Confirmed,2020-01-26 21:52:47,2023-02-25 14:36:07.254945,01,2020-01-26,2020-01
268,268,256,Confirmed,2020-01-25 23:25:33,2023-02-25 14:36:07.254945,01,2020-01-25,2020-01
269,269,156,Confirmed,2020-02-03 23:31:29,2023-02-25 14:36:07.254945,02,2020-02-03,2020-02
270,270,156,Confirmed,2020-01-26 10:59:43,2023-02-25 14:36:07.254945,01,2020-01-26,2020-01
271,271,156,Confirmed,2020-01-30 23:16:18,2023-02-25 14:36:07.254945,01,2020-01-30,2020-01
272,272,256,Canceled,2020-02-23 1:45:35,2023-02-25 14:36:07.254945,02,2020-02-23,2020-02
273,273,156,Canceled,2020-01-26 12:16:49,2023-02-25 14:36:07.254945,01,2020-01-26,2020-01
274,274,156,Canceled,2020-05-06 20:34:18,2023-02-25 14:36:07.254945,05,2020-05-06,2020-05
275,275,156,Canceled,2020-03-20 21:28:36,2023-02-25 14:36:07.254945,03,2020-03-20,2020-03
276,276,156,Confirmed,2020-01-29 13:03:18,2023-02-25 14:36:07.254945,01,2020-01-29,2020-01
277,277,156,Confirmed,2020-01-29 18:49:24,2023-02-25 14:36:07.254945,01,2020-01-29,2020-01
278,278,256,Canceled,2020-05-11 17:42:05,2023-02-25 14:36:07.254945,05,2020-05-11,2020-05
279,279,256,Confirmed,2020-02-05 21:35:00,2023-02-25 14:36:07.254945,02,2020-02-05,2020-02
280,280,156,Canceled,2020-01-30 13:27:15,2023-02-25 14:36:07.254945,01,2020-01-30,2020-01
281,281,256,Review,2020-05-24 11:46:39,2023-02-25 14:36:07.254945,05,2020-05-24,2020-05
282,282,256,Confirmed,2020-08-13 17:03:00,2023-02-25 14:36:07.254945,08,2020-08-13,2020-08
283,283,256,Confirmed,2020-01-28 23:58:02,2023-02-25 14:36:07.254945,01,2020-01-28,2020-01
284,284,256,Review,2020-05-21 13:01:27,2023-02-25 14:36:07.254945,05,2020-05-21,2020-05
285,285,256,Canceled,2020-01-29 19:54:23,2023-02-25 14:36:07.254945,01,2020-01-29,2020-01
286,286,256,Confirmed,2020-08-10 19:17:30,2023-02-25 14:36:07.254945,08,2020-08-10,2020-08
287,287,256,Review,2020-01-09 0:56:45,2023-02-25 14:36:07.254945,01,2020-01-09,2020-01
288,288,156,Confirmed,2020-06-23 23:34:01,2023-02-25 14:36:07.254945,06,2020-06-23,2020-06
289,289,256,Confirmed,2020-02-03 12:50:50,2023-02-25 14:36:07.254945,02,2020-02-03,2020-02
290,290,156,Confirmed,2020-07-30 6:10:05,2023-02-25 14:36:07.254945,07,2020-07-30,2020-07
291,291,256,Confirmed,2020-02-05 2:45:20,2023-02-25 14:36:07.254945,02,2020-02-05,2020-02
292,292,256,Canceled,2020-01-30 19:56:21,2023-02-25 14:36:07.254945,01,2020-01-30,2020-01
293,293,256,Confirmed,2020-10-04 17:48:58,2023-02-25 14:36:07.254945,10,2020-10-04,2020-10
294,294,256,Confirmed,2020-02-26 1:53:45,2023-02-25 14:36:07.254945,02,2020-02-26,2020-02
295,295,256,Confirmed,2020-02-04 18:22:38,2023-02-25 14:36:07.254945,02,2020-02-04,2020-02
296,296,256,Confirmed,2020-02-01 18:28:11,2023-02-25 14:36:07.254945,02,2020-02-01,2020-02
297,297,156,Canceled,2020-05-17 18:53:16,2023-02-25 14:36:07.254945,05,2020-05-17,2020-05
298,298,256,Canceled,2020-03-14 21:02:59,2023-02-25 14:36:07.254945,03,2020-03-14,2020-03
299,299,256,Canceled,2020-05-16 9:56:28,2023-02-25 14:36:07.254945,05,2020-05-16,2020-05
300,300,156,Confirmed,2020-02-02 23:47:39,2023-02-25 14:36:07.254945,02,2020-02-02,2020-02
301,301,156,Confirmed,2020-01-31 2:13:27,2023-02-25 14:36:07.254945,01,2020-01-31,2020-01
302,302,156,Canceled,2020-03-05 18:37:00,2023-02-25 14:36:07.254945,03,2020-03-05,2020-03
303,303,156,Confirmed,2020-01-24 2:01:32,2023-02-25 14:36:07.254945,01,2020-01-24,2020-01
304,304,156,Confirmed,2020-04-23 14:46:29,2023-02-25 14:36:07.254945,04,2020-04-23,2020-04
305,305,156,Review,2020-02-12 16:24:01,2023-02-25 14:36:07.254945,02,2020-02-12,2020-02
306,306,156,Canceled,2020-05-04 8:16:19,2023-02-25 14:36:07.254945,05,2020-05-04,2020-05
307,307,156,Confirmed,2020-03-30 18:55:23,2023-02-25 14:36:07.254945,03,2020-03-30,2020-03
308,308,156,Canceled,2020-05-01 21:55:51,2023-02-25 14:36:07.254945,05,2020-05-01,2020-05
309,309,256,Review,2020-09-12 13:47:02,2023-02-25 14:36:07.254945,09,2020-09-12,2020-09
310,310,156,Canceled,2020-03-18 22:43:00,2023-02-25 14:36:07.254945,03,2020-03-18,2020-03
311,311,256,Confirmed,2020-03-20 3:49:58,2023-02-25 14:36:07.254945,03,2020-03-20,2020-03
312,312,256,Confirmed,2020-07-24 15:48:43,2023-02-25 14:36:07.254945,07,2020-07-24,2020-07
313,313,156,Canceled,2020-05-01 19:11:35,2023-02-25 14:36:07.254945,05,2020-05-01,2020-05
314,314,156,Confirmed,2020-03-01 1:40:38,2023-02-25 14:36:07.254945,03,2020-03-01,2020-03
315,315,256,Review,2020-02-14 17:08:54,2023-02-25 14:36:07.254945,02,2020-02-14,2020-02
316,316,256,Canceled,2020-03-18 9:05:09,2023-02-25 14:36:07.254945,03,2020-03-18,2020-03
317,317,156,Canceled,2020-02-27 9:49:22,2023-02-25 14:36:07.254945,02,2020-02-27,2020-02
318,318,156,Review,2020-08-26 17:04:16,2023-02-25 14:36:07.254945,08,2020-08-26,2020-08
319,319,156,Confirmed,2020-02-02 15:06:32,2023-02-25 14:36:07.254945,02,2020-02-02,2020-02
320,320,156,Canceled,2020-02-07 9:10:10,2023-02-25 14:36:07.254945,02,2020-02-07,2020-02
321,321,156,Confirmed,2020-01-21 6:10:49,2023-02-25 14:36:07.254945,01,2020-01-21,2020-01
322,322,156,Review,2020-02-07 1:07:19,2023-02-25 14:36:07.254945,02,2020-02-07,2020-02
323,323,156,Canceled,2020-03-15 0:53:22,2023-02-25 14:36:07.254945,03,2020-03-15,2020-03
324,324,156,Canceled,2020-02-06 18:36:39,2023-02-25 14:36:07.254945,02,2020-02-06,2020-02
325,325,156,Confirmed,2021-01-07 9:40:46,2023-02-25 14:36:07.254945,01,2021-01-07,2021-01
326,326,256,Confirmed,2020-02-12 20:58:07,2023-02-25 14:36:07.254945,02,2020-02-12,2020-02
327,327,156,Review,2020-04-20 14:03:49,2023-02-25 14:36:07.254945,04,2020-04-20,2020-04
328,328,256,Review,2020-07-09 0:56:11,2023-02-25 14:36:07.254945,07,2020-07-09,2020-07
329,329,156,Confirmed,2020-02-21 16:20:45,2023-02-25 14:36:07.254945,02,2020-02-21,2020-02
330,330,256,Canceled,2020-01-15 12:39:59,2023-02-25 14:36:07.254945,01,2020-01-15,2020-01
331,331,256,Confirmed,2020-02-09 5:37:02,2023-02-25 14:36:07.254945,02,2020-02-09,2020-02
332,332,156,Confirmed,2020-02-10 13:57:30,2023-02-25 14:36:07.254945,02,2020-02-10,2020-02
333,333,256,Canceled,2020-05-09 8:24:27,2023-02-25 14:36:07.254945,05,2020-05-09,2020-05
334,334,256,Canceled,2020-03-17 22:27:32,2023-02-25 14:36:07.254945,03,2020-03-17,2020-03
335,335,156,Canceled,2020-06-10 13:15:52,2023-02-25 14:36:07.254945,06,2020-06-10,2020-06
336,336,256,Review,2020-05-29 8:21:18,2023-02-25 14:36:07.254945,05,2020-05-29,2020-05
337,337,156,Confirmed,2020-02-17 10:47:11,2023-02-25 14:36:07.254945,02,2020-02-17,2020-02
338,338,156,Confirmed,2020-02-14 12:09:13,2023-02-25 14:36:07.254945,02,2020-02-14,2020-02
339,339,156,Confirmed,2020-02-12 9:46:55,2023-02-25 14:36:07.254945,02,2020-02-12,2020-02
340,340,256,Confirmed,2020-02-15 1:30:44,2023-02-25 14:36:07.254945,02,2020-02-15,2020-02
341,341,156,Confirmed,2020-02-10 10:28:29,2023-02-25 14:36:07.254945,02,2020-02-10,2020-02
342,342,156,Canceled,2020-02-21 5:14:25,2023-02-25 14:36:07.254945,02,2020-02-21,2020-02
343,343,156,Canceled,2020-06-28 12:39:03,2023-02-25 14:36:07.254945,06,2020-06-28,2020-06
344,344,256,Canceled,2020-03-19 9:37:07,2023-02-25 14:36:07.254945,03,2020-03-19,2020-03
345,345,256,Confirmed,2020-02-11 20:45:14,2023-02-25 14:36:07.254945,02,2020-02-11,2020-02
346,346,256,Confirmed,2020-02-13 16:40:18,2023-02-25 14:36:07.254945,02,2020-02-13,2020-02
347,347,156,Canceled,2020-03-07 10:45:09,2023-02-25 14:36:07.254945,03,2020-03-07,2020-03
348,348,256,Confirmed,2020-05-18 5:35:05,2023-02-25 14:36:07.254945,05,2020-05-18,2020-05
349,349,156,Canceled,2020-03-17 1:27:09,2023-02-25 14:36:07.254945,03,2020-03-17,2020-03
350,350,156,Canceled,2020-03-11 14:16:20,2023-02-25 14:36:07.254945,03,2020-03-11,2020-03
351,351,256,Canceled,2020-02-28 8:44:36,2023-02-25 14:36:07.254945,02,2020-02-28,2020-02
352,352,156,Review,2020-02-17 17:37:25,2023-02-25 14:36:07.254945,02,2020-02-17,2020-02
353,353,156,Confirmed,2020-02-13 15:01:37,2023-02-25 14:36:07.254945,02,2020-02-13,2020-02
354,354,156,Confirmed,2020-02-07 3:04:58,2023-02-25 14:36:07.254945,02,2020-02-07,2020-02
355,355,156,Canceled,2020-02-22 18:01:09,2023-02-25 14:36:07.254945,02,2020-02-22,2020-02
356,356,156,Canceled,2020-09-09 22:46:43,2023-02-25 14:36:07.254945,09,2020-09-09,2020-09
357,357,256,Confirmed,2020-03-11 16:35:59,2023-02-25 14:36:07.254945,03,2020-03-11,2020-03
358,358,156,Canceled,2020-02-19 16:22:38,2023-02-25 14:36:07.254945,02,2020-02-19,2020-02
359,359,156,Canceled,2020-02-19 12:08:47,2023-02-25 14:36:07.254945,02,2020-02-19,2020-02
360,360,256,Review,2020-02-15 4:06:49,2023-02-25 14:36:07.254945,02,2020-02-15,2020-02
361,361,256,Confirmed,2020-07-23 14:38:44,2023-02-25 14:36:07.254945,07,2020-07-23,2020-07
362,362,156,Canceled,2020-05-14 21:50:20,2023-02-25 14:36:07.254945,05,2020-05-14,2020-05
363,363,256,Canceled,2020-03-12 23:59:59,2023-02-25 14:36:07.254945,03,2020-03-12,2020-03
364,364,256,Canceled,2020-04-03 10:27:12,2023-02-25 14:36:07.254945,04,2020-04-03,2020-04
365,365,156,Confirmed,2020-06-22 14:09:48,2023-02-25 14:36:07.254945,06,2020-06-22,2020-06
366,366,156,Canceled,2020-03-14 15:40:41,2023-02-25 14:36:07.254945,03,2020-03-14,2020-03
367,367,256,Canceled,2020-03-15 6:35:01,2023-02-25 14:36:07.254945,03,2020-03-15,2020-03
368,368,256,Canceled,2020-07-09 14:38:16,2023-02-25 14:36:07.254945,07,2020-07-09,2020-07
369,369,256,Confirmed,2020-02-20 3:37:09,2023-02-25 14:36:07.254945,02,2020-02-20,2020-02
370,370,256,Confirmed,2020-02-21 8:17:48,2023-02-25 14:36:07.254945,02,2020-02-21,2020-02
371,371,156,Canceled,2020-03-29 13:24:00,2023-02-25 14:36:07.254945,03,2020-03-29,2020-03
372,372,256,Confirmed,2020-02-24 9:01:59,2023-02-25 14:36:07.254945,02,2020-02-24,2020-02
373,373,156,Canceled,2020-03-09 10:02:35,2023-02-25 14:36:07.254945,03,2020-03-09,2020-03
374,374,256,Confirmed,2020-02-18 17:13:02,2023-02-25 14:36:07.254945,02,2020-02-18,2020-02
375,375,256,Canceled,2020-03-23 12:03:24,2023-02-25 14:36:07.254945,03,2020-03-23,2020-03
376,376,256,Confirmed,2020-08-20 5:15:03,2023-02-25 14:36:07.254945,08,2020-08-20,2020-08
377,377,256,Confirmed,2020-04-06 10:01:16,2023-02-25 14:36:07.254945,04,2020-04-06,2020-04
378,378,156,Canceled,2020-08-25 0:55:05,2023-02-25 14:36:07.254945,08,2020-08-25,2020-08
379,379,156,Confirmed,2020-05-08 5:14:54,2023-02-25 14:36:07.254945,05,2020-05-08,2020-05
380,380,256,Confirmed,2020-02-26 17:48:05,2023-02-25 14:36:07.254945,02,2020-02-26,2020-02
381,381,156,Canceled,2020-03-27 21:57:51,2023-02-25 14:36:07.254945,03,2020-03-27,2020-03
382,382,256,Confirmed,2020-06-09 11:26:37,2023-02-25 14:36:07.254945,06,2020-06-09,2020-06
383,383,256,Review,2020-08-18 18:12:51,2023-02-25 14:36:07.254945,08,2020-08-18,2020-08
384,384,256,Confirmed,2020-02-19 23:50:21,2023-02-25 14:36:07.254945,02,2020-02-19,2020-02
385,385,156,Confirmed,2020-02-19 13:04:22,2023-02-25 14:36:07.254945,02,2020-02-19,2020-02
386,386,156,Confirmed,2020-02-25 12:28:59,2023-02-25 14:36:07.254945,02,2020-02-25,2020-02
387,387,256,Confirmed,2020-05-27 4:54:03,2023-02-25 14:36:07.254945,05,2020-05-27,2020-05
388,388,156,Confirmed,2020-02-08 14:24:22,2023-02-25 14:36:07.254945,02,2020-02-08,2020-02
389,389,256,Review,2020-03-04 4:52:37,2023-02-25 14:36:07.254945,03,2020-03-04,2020-03
390,390,156,Confirmed,2020-02-22 20:58:24,2023-02-25 14:36:07.254945,02,2020-02-22,2020-02
391,391,156,Confirmed,2020-02-27 23:07:56,2023-02-25 14:36:07.254945,02,2020-02-27,2020-02
392,392,256,Confirmed,2020-03-02 19:16:23,2023-02-25 14:36:07.254945,03,2020-03-02,2020-03
393,393,156,Confirmed,2020-02-26 20:47:54,2023-02-25 14:36:07.254945,02,2020-02-26,2020-02
394,394,156,Confirmed,2020-05-27 12:43:40,2023-02-25 14:36:07.254945,05,2020-05-27,2020-05
395,395,156,Canceled,2020-12-17 1:15:33,2023-02-25 14:36:07.254945,12,2020-12-17,2020-12
396,396,156,Canceled,2020-03-14 15:54:35,2023-02-25 14:36:07.254945,03,2020-03-14,2020-03
397,397,256,Canceled,2020-02-22 13:59:19,2023-02-25 14:36:07.254945,02,2020-02-22,2020-02
398,398,156,Canceled,2020-02-21 14:04:33,2023-02-25 14:36:07.254945,02,2020-02-21,2020-02
